epoch,time,train/box_loss,train/seg_loss,train/cls_loss,train/dfl_loss,metrics/precision(B),metrics/recall(B),metrics/mAP50(B),metrics/mAP50-95(B),metrics/precision(M),metrics/recall(M),metrics/mAP50(M),metrics/mAP50-95(M),val/box_loss,val/seg_loss,val/cls_loss,val/dfl_loss,lr/pg0,lr/pg1,lr/pg2
1,8.68237,1.76459,2.50361,13.8378,1.39288,0.02116,0.4,0.06046,0.01235,0,0,0,0,1.77052,8.22766,2.55208,1.43113,0.0677417,0.000658333,0.000658333
2,15.6246,2.36474,2.43914,3.93574,1.95747,0.0032,0.8,0.11249,0.03263,0.0028,0.7,0.08348,0.01239,1.74374,1.3512,2.24218,1.64575,0.035075,0.00132499,0.00132499
3,22.0525,2.13934,1.99189,3.03737,1.81893,0.33139,0.4,0.3197,0.08028,0.33139,0.4,0.2359,0.05239,1.62191,1.33141,4.03158,1.61039,0.00240828,0.00199161,0.00199161
4,28.8745,2.03114,1.66313,2.79377,1.70261,0.04495,0.3,0.0244,0.00641,0.18003,0.1,0.13128,0.02421,1.78578,1.21842,3.7379,1.82059,0.00199988,0.00199988,0.00199988
5,35.7781,2.53283,1.99364,2.80561,2.06597,0.12581,0.4,0.20487,0.04748,0.24741,0.39482,0.24303,0.04549,1.85351,1.28329,1.34213,1.59287,0.00199978,0.00199978,0.00199978
6,42.4179,2.10549,1.75126,2.43423,1.80568,0.25003,0.3,0.22104,0.07114,0.28995,0.2,0.23014,0.04131,1.70106,1.32869,1.636,1.44586,0.00199965,0.00199965,0.00199965
7,49.5544,1.90598,1.62701,2.46144,1.71299,0.21785,0.4,0.18336,0.05381,0.35117,0.3,0.30194,0.06726,1.56953,1.10217,1.4532,1.35592,0.0019995,0.0019995,0.0019995
8,56.3088,2.15904,1.75288,2.42454,1.8084,0.39697,0.5,0.34787,0.09337,0.38038,0.5,0.42109,0.10019,1.43255,1.12997,2.61909,1.3364,0.00199932,0.00199932,0.00199932
9,63.4037,2.13206,1.60318,2.2805,1.76667,0.2112,0.3,0.19994,0.05063,0.14155,0.2,0.11852,0.02654,1.7035,1.30252,1.89089,1.58398,0.00199912,0.00199912,0.00199912
10,70.3605,1.79941,1.44109,2.05218,1.56936,0.29572,0.4,0.27468,0.1077,0.29572,0.4,0.26967,0.06468,1.38375,0.98333,2.24638,1.36652,0.00199888,0.00199888,0.00199888
11,77.4883,2.04942,1.7585,2.3324,1.71746,0.7762,0.3,0.42575,0.15508,0.29553,0.7,0.39646,0.07546,1.45339,1.20449,2.34398,1.29757,0.00199862,0.00199862,0.00199862
12,84.3849,1.82625,1.84236,2.18253,1.55722,0.4816,0.3,0.23389,0.09394,0.65589,0.38384,0.38991,0.09857,1.45022,1.15818,2.07483,1.32973,0.00199833,0.00199833,0.00199833
13,91.2735,1.56412,1.56363,1.98222,1.35703,0.44088,0.47494,0.42944,0.12171,0.23066,0.5,0.33601,0.07183,1.67008,1.35412,1.15997,1.37475,0.00199801,0.00199801,0.00199801
14,97.8094,1.80778,1.55237,2.12111,1.52686,0.24513,0.6,0.23858,0.07789,0.28599,0.7,0.27499,0.07984,1.54282,1.08904,1.19727,1.33669,0.00199767,0.00199767,0.00199767
15,104.809,1.83185,1.63027,2.00403,1.5451,0.34776,0.3,0.2386,0.10599,0.34776,0.3,0.20646,0.05689,1.39446,1.46753,1.20418,1.29384,0.00199729,0.00199729,0.00199729
16,111.606,1.57014,1.35158,1.68885,1.35477,0.27627,0.3,0.25416,0.10576,0.39235,0.4,0.32808,0.07928,1.4576,1.10531,1.68488,1.37256,0.00199689,0.00199689,0.00199689
17,118.265,1.91671,1.55995,2.13102,1.67808,0.72805,0.3,0.40383,0.1476,0.40843,0.34813,0.36616,0.11057,1.46935,1.1023,1.31369,1.27149,0.00199647,0.00199647,0.00199647
18,124.908,1.76766,1.48615,1.92891,1.56645,0.6588,0.4,0.4619,0.16462,0.6588,0.4,0.47468,0.17254,1.53845,1.04118,1.23261,1.32686,0.00199601,0.00199601,0.00199601
19,131.477,1.70076,1.28147,1.60985,1.44248,0.61981,0.2,0.28675,0.10151,0.26519,0.5,0.32892,0.07197,1.55052,1.25885,1.3014,1.38579,0.00199553,0.00199553,0.00199553
20,138.033,1.69293,1.31527,1.72724,1.4241,0.15817,0.6,0.1959,0.0736,0.24156,0.3,0.16998,0.03768,1.31008,1.0186,1.19399,1.27442,0.00199502,0.00199502,0.00199502
21,145.243,1.75313,1.34943,1.79362,1.45969,0.53526,0.5,0.46251,0.14899,0.53526,0.5,0.33483,0.09376,1.35842,0.98231,1.39714,1.2361,0.00199448,0.00199448,0.00199448
22,152.397,1.88128,1.45964,2.05907,1.6197,0.29706,0.3,0.26568,0.10104,0.29706,0.3,0.27309,0.07736,1.34134,1.174,1.19346,1.29423,0.00199392,0.00199392,0.00199392
23,159.222,1.83259,1.59958,1.97562,1.55246,0.36328,0.4584,0.42643,0.16935,0.30395,0.5,0.466,0.13959,1.34035,0.94831,1.18035,1.20617,0.00199332,0.00199332,0.00199332
24,165.969,1.94795,1.7001,2.06867,1.62721,0.45555,0.5,0.48909,0.22137,0.45555,0.5,0.48415,0.13436,1.3621,1.14488,1.26664,1.22565,0.0019927,0.0019927,0.0019927
25,173.146,1.65027,1.22302,1.60219,1.39123,0.33539,0.6,0.39634,0.14911,0.73313,0.3,0.50578,0.17291,1.38697,0.96466,1.29769,1.27183,0.00199206,0.00199206,0.00199206
26,180.048,1.84506,1.52542,1.88337,1.58612,0.45395,0.33553,0.36334,0.12963,0.54605,0.4,0.4195,0.14644,1.39592,1.01759,1.32612,1.26984,0.00199138,0.00199138,0.00199138
27,187.018,1.66743,1.33079,1.66502,1.37308,0.52291,0.4,0.44487,0.19841,0.52291,0.4,0.45103,0.21516,1.15207,0.95704,1.14842,1.20688,0.00199068,0.00199068,0.00199068
28,193.838,1.53826,1.32776,1.63438,1.32261,0.49359,0.3,0.32175,0.08151,0.49359,0.3,0.35021,0.1243,1.78921,1.20966,2.03492,1.36694,0.00198995,0.00198995,0.00198995
29,200.671,1.77812,1.40777,1.73239,1.43558,0.32501,0.3,0.29932,0.13327,0.71274,0.3,0.34183,0.10278,1.40622,1.58076,1.53878,1.11671,0.0019892,0.0019892,0.0019892
30,207.784,1.67233,1.46085,1.8531,1.33042,0.46676,0.3,0.33301,0.12556,0.46676,0.3,0.2932,0.07705,1.51944,1.21606,1.5323,1.24314,0.00198841,0.00198841,0.00198841
31,214.871,1.62854,1.24563,1.74049,1.38197,0.48232,0.4,0.46967,0.16791,0.48232,0.4,0.45688,0.14277,1.48137,0.92788,1.14336,1.2502,0.0019876,0.0019876,0.0019876
32,222.982,1.68465,1.44265,1.74129,1.46578,0.52352,0.4,0.4602,0.17599,0.46625,0.4,0.4248,0.13413,1.43826,1.03244,1.2536,1.25027,0.00198676,0.00198676,0.00198676
33,230.434,1.52562,1.18496,1.72185,1.35417,0.70554,0.3,0.41973,0.17307,0.70554,0.3,0.40126,0.17236,1.40526,0.87789,1.17144,1.1733,0.0019859,0.0019859,0.0019859
34,237.636,1.37899,1.07072,1.45909,1.21811,0.47807,0.3,0.35965,0.1609,0.47807,0.3,0.36705,0.0954,1.58652,1.25258,1.39561,1.18945,0.00198501,0.00198501,0.00198501
35,245.025,1.66265,1.36708,1.78425,1.43279,0.2872,0.5,0.37385,0.17743,0.35533,0.6,0.39257,0.14183,1.2957,0.90609,1.3182,1.18352,0.00198409,0.00198409,0.00198409
36,252.772,1.54327,1.23903,1.61505,1.24037,0.42581,0.5,0.40558,0.14858,0.30188,0.6,0.35679,0.10095,1.26717,0.95244,1.26432,1.20443,0.00198314,0.00198314,0.00198314
37,260.505,1.38516,1.19589,1.34224,1.14618,0.44959,0.3,0.30999,0.10125,0.44959,0.3,0.32117,0.09949,1.4941,1.07934,1.27382,1.32664,0.00198217,0.00198217,0.00198217
38,267.734,1.54231,1.27148,1.45367,1.30912,0.22267,0.5,0.3107,0.12963,0.29653,0.6,0.34967,0.11724,1.23839,1.03622,1.61976,1.1865,0.00198117,0.00198117,0.00198117
39,274.63,1.66893,1.4163,1.79798,1.4603,0.53709,0.3,0.39271,0.1733,0.66444,0.39666,0.43118,0.18185,1.32995,0.95237,1.13905,1.25572,0.00198014,0.00198014,0.00198014
40,281.971,1.76026,1.33691,1.65113,1.46371,0.64475,0.3,0.39887,0.17435,0.64475,0.3,0.39499,0.16675,1.4146,0.97653,1.29342,1.24154,0.00197909,0.00197909,0.00197909
41,289.627,1.64838,1.40824,1.66064,1.42355,0.19569,0.7,0.28842,0.10852,0.57653,0.3,0.41006,0.12765,1.46166,0.95653,1.07047,1.27249,0.00197801,0.00197801,0.00197801
42,297.574,1.69534,1.29798,1.74008,1.48733,0.28641,0.6,0.43703,0.16325,0.42806,0.6,0.4761,0.1628,1.34986,1.03853,1.08689,1.23333,0.0019769,0.0019769,0.0019769
43,305.432,1.6424,1.37527,1.6304,1.38554,0.30196,0.5,0.35962,0.12163,0.32066,0.6,0.38863,0.11301,1.39149,0.984,1.11176,1.2567,0.00197577,0.00197577,0.00197577
44,313.345,1.64448,1.23635,1.57946,1.33206,0.37994,0.5,0.39797,0.1557,0.37994,0.5,0.36439,0.07753,1.4848,1.28014,1.14497,1.25622,0.00197461,0.00197461,0.00197461
45,320.722,1.63592,1.29986,1.49562,1.41069,0.349,0.6,0.42776,0.1851,0.38501,0.6,0.41085,0.1711,1.36095,0.94057,1.10811,1.246,0.00197342,0.00197342,0.00197342
46,328.083,1.54574,1.37664,1.6213,1.33612,0.46462,0.6,0.53783,0.24505,0.46462,0.6,0.52142,0.1984,1.23709,1.09148,1.10987,1.19919,0.00197221,0.00197221,0.00197221
47,335,1.65359,1.34427,1.5843,1.37442,0.41054,0.6,0.52145,0.22679,0.4252,0.8,0.54343,0.16673,1.15838,0.97515,1.09241,1.12322,0.00197097,0.00197097,0.00197097
48,341.937,1.63948,1.43443,1.58446,1.39578,0.39295,0.3,0.41438,0.17628,0.39295,0.3,0.43509,0.12787,1.17949,1.00289,1.14965,1.13567,0.0019697,0.0019697,0.0019697
49,348.726,1.65708,1.25053,1.55956,1.42928,0.32853,0.7,0.4306,0.20502,0.32853,0.7,0.42804,0.11056,1.10762,1.16656,1.10317,1.12352,0.00196841,0.00196841,0.00196841
50,355.36,1.72685,1.4573,1.63753,1.56289,0.55901,0.6,0.46877,0.1282,0.3705,0.4,0.26582,0.06123,1.27457,1.21435,1.09995,1.14095,0.00196709,0.00196709,0.00196709
51,362.041,1.47478,1.27234,1.44186,1.29433,0.44834,0.6,0.54026,0.22687,0.44834,0.6,0.54128,0.1744,1.27316,1.0449,0.9835,1.16344,0.00196574,0.00196574,0.00196574
52,369.037,1.60263,1.29607,1.49405,1.38608,0.82757,0.48272,0.56945,0.24675,0.82757,0.48272,0.57719,0.25497,1.29148,0.91931,1.06225,1.1594,0.00196437,0.00196437,0.00196437
53,375.881,1.51324,1.22779,1.53379,1.29525,0.64913,0.4,0.47835,0.15037,0.45385,0.49873,0.36857,0.09742,1.46481,1.14581,1.2214,1.2338,0.00196297,0.00196297,0.00196297
54,382.933,1.63549,1.32306,1.62812,1.42064,0.41337,0.6,0.43478,0.18795,0.41337,0.6,0.43304,0.13117,1.40579,0.95696,1.29775,1.21296,0.00196154,0.00196154,0.00196154
55,389.926,1.59383,1.51371,1.54407,1.3557,0.41059,0.4,0.43056,0.19399,0.36654,0.5,0.41405,0.14582,1.3092,0.94869,1.08874,1.21154,0.00196009,0.00196009,0.00196009
56,396.684,1.72802,1.32972,1.492,1.46163,0.44621,0.3,0.35671,0.19715,0.44621,0.3,0.34822,0.12905,1.27125,1.01009,1.11909,1.17594,0.00195862,0.00195862,0.00195862
57,403.884,1.57599,1.26706,1.61348,1.27374,0.54889,0.3,0.37761,0.17559,0.54889,0.3,0.38085,0.17798,1.37204,0.91457,1.18741,1.19573,0.00195711,0.00195711,0.00195711
58,410.569,1.55954,1.17185,1.49448,1.28015,0.68342,0.5,0.52416,0.2436,0.63911,0.5,0.55549,0.25347,1.28138,0.88658,1.07931,1.11432,0.00195558,0.00195558,0.00195558
59,417.117,1.37253,1.13165,1.42251,1.16015,0.59791,0.59529,0.57173,0.2337,0.68502,0.65505,0.57727,0.12361,1.32528,1.26244,1.22435,1.11896,0.00195403,0.00195403,0.00195403
60,424.051,1.67801,1.39694,1.72763,1.35891,0.41017,0.6,0.49283,0.12954,0.52887,0.45196,0.51324,0.1219,1.48373,1.02391,1.28843,1.19546,0.00195245,0.00195245,0.00195245
61,430.931,1.40349,1.18645,1.24848,1.16836,0.43121,0.6,0.41255,0.18236,0.43121,0.6,0.39345,0.15683,1.32681,1.01629,1.21589,1.13801,0.00195084,0.00195084,0.00195084
62,437.774,1.63825,1.26741,1.64609,1.39556,0.3941,0.5,0.35127,0.13224,0.47934,0.46281,0.42187,0.12862,1.49489,0.88808,1.38102,1.24883,0.00194921,0.00194921,0.00194921
63,444.823,1.62226,1.35427,1.49512,1.35804,0.62337,0.4,0.46559,0.21945,0.62337,0.4,0.46919,0.18221,1.42405,0.88075,1.12516,1.16605,0.00194755,0.00194755,0.00194755
64,451.722,1.73477,1.3152,1.54074,1.45341,0.62603,0.4,0.54099,0.17903,0.48184,0.5,0.4142,0.14483,1.32307,0.97552,1.09778,1.14362,0.00194587,0.00194587,0.00194587
65,458.604,1.36467,1.11337,1.23337,1.18521,0.43672,0.5,0.46259,0.20665,0.43672,0.5,0.45611,0.17322,1.34239,1.02219,1.12804,1.20092,0.00194416,0.00194416,0.00194416
66,465.265,1.59851,1.30136,1.50921,1.36382,0.62406,0.4,0.44991,0.15373,0.37382,0.65807,0.42244,0.16938,1.39882,0.98435,1.10997,1.2455,0.00194243,0.00194243,0.00194243
67,472.401,1.63512,1.37304,1.4995,1.3921,0.46816,0.5,0.42875,0.14802,0.46816,0.5,0.41318,0.1323,1.26843,0.86213,1.11551,1.14043,0.00194067,0.00194067,0.00194067
68,479.256,1.53558,1.2151,1.3713,1.2617,0.2741,0.6,0.43692,0.18436,0.2741,0.6,0.4354,0.20875,1.23548,0.86665,1.17974,1.08841,0.00193888,0.00193888,0.00193888
69,486.019,1.4483,1.06262,1.47007,1.28806,0.31315,0.5,0.39574,0.18976,0.29003,0.8,0.4034,0.19967,1.1555,0.85618,1.20027,1.11101,0.00193707,0.00193707,0.00193707
70,493.279,1.51157,1.28977,1.49191,1.28681,0.53198,0.34477,0.46083,0.20635,0.4169,0.6,0.5067,0.15798,1.36865,1.05002,1.05899,1.24558,0.00193524,0.00193524,0.00193524
71,500.401,1.64574,1.32071,1.67044,1.40324,0.60744,0.5,0.54937,0.16495,0.51492,0.5,0.50656,0.12576,1.4164,1.09246,1.02813,1.24325,0.00193338,0.00193338,0.00193338
72,507.436,1.52126,1.31558,1.48988,1.29126,0.69904,0.6,0.57833,0.26786,0.69904,0.6,0.58757,0.23975,1.25343,1.1512,1.09908,1.17201,0.00193149,0.00193149,0.00193149
73,514.174,1.35329,1.15859,1.25678,1.11475,1,0.29524,0.47938,0.26132,0.38034,0.7,0.50247,0.21335,1.16488,0.92641,1.04638,1.11114,0.00192958,0.00192958,0.00192958
74,521.453,1.27548,1.19036,1.22526,1.08972,0.34946,0.6,0.45893,0.27448,0.34946,0.6,0.46359,0.1735,1.1535,1.14274,1.24956,1.11821,0.00192765,0.00192765,0.00192765
75,528.429,1.46381,1.4548,1.47025,1.33443,0.53235,0.3,0.43772,0.21482,0.53235,0.3,0.40984,0.16694,1.2259,1.00313,1.28584,1.12028,0.00192569,0.00192569,0.00192569
76,535.345,1.48547,1.47748,1.38857,1.26059,0.41352,0.4,0.36521,0.17408,0.41352,0.4,0.37746,0.16398,1.34181,0.91803,1.23123,1.15834,0.0019237,0.0019237,0.0019237
77,542.55,1.53858,1.2231,1.41625,1.27186,0.74265,0.4,0.54269,0.17601,0.39946,0.46754,0.321,0.08858,1.39155,1.23684,1.14391,1.15181,0.0019217,0.0019217,0.0019217
78,549.588,1.45615,1.26471,1.37932,1.17986,0.70569,0.5,0.65107,0.24935,0.70569,0.5,0.63946,0.28534,1.30582,0.94583,1.05173,1.09515,0.00191966,0.00191966,0.00191966
79,556.456,1.58952,1.21402,1.48891,1.31021,0.98082,0.4,0.59879,0.25679,0.98082,0.4,0.61763,0.25174,1.13593,0.87901,1.04444,0.98798,0.0019176,0.0019176,0.0019176
80,563.387,1.54982,1.31579,1.6841,1.39171,0.59538,0.4,0.54883,0.20289,0.43753,0.6,0.5711,0.13383,1.22352,1.06753,1.03786,1.05885,0.00191552,0.00191552,0.00191552
81,570.438,1.3934,1.29838,1.4472,1.26492,0.35864,0.5,0.47168,0.2486,0.51243,0.6,0.48517,0.19961,1.10601,1.06338,0.9072,0.98718,0.00191341,0.00191341,0.00191341
82,577.167,1.32702,1.17134,1.33992,1.05844,0.47044,0.8,0.506,0.25568,0.45357,0.6,0.45742,0.20448,1.05395,0.90678,0.95813,0.95902,0.00191128,0.00191128,0.00191128
83,583.969,1.43513,1.26282,1.61256,1.28953,0.33747,0.9,0.43817,0.18864,0.50029,0.50064,0.49732,0.13962,1.26147,1.00218,1.02249,1.07225,0.00190913,0.00190913,0.00190913
84,590.968,1.45354,1.14857,1.40764,1.1941,0.35567,0.8,0.54459,0.22711,0.53331,0.6,0.56596,0.21154,1.15395,0.87316,1.0587,1.07292,0.00190695,0.00190695,0.00190695
85,597.951,1.5684,1.29737,1.51737,1.28941,0.53707,0.5,0.54073,0.26609,0.53707,0.5,0.58135,0.23963,1.20608,0.91373,1.25099,1.05881,0.00190475,0.00190475,0.00190475
86,604.919,1.5912,1.22754,1.55874,1.30563,0.56224,0.4,0.55726,0.28732,0.56224,0.4,0.55153,0.27655,1.12408,0.79746,1.00161,1.02382,0.00190252,0.00190252,0.00190252
87,611.94,1.27808,1.0434,1.19766,1.06007,0.2817,0.7,0.45097,0.26367,0.2817,0.7,0.42786,0.19058,1.1492,0.97297,0.95807,1.0388,0.00190027,0.00190027,0.00190027
88,619.008,1.62378,1.44135,1.69475,1.39625,0.30187,0.7,0.42908,0.18596,0.29763,0.7,0.37082,0.13145,1.23956,1.1319,1.00781,1.07855,0.00189799,0.00189799,0.00189799
89,625.868,1.45961,1.27794,1.38777,1.26909,0.5395,0.4711,0.50488,0.2537,0.5395,0.4711,0.49208,0.23372,1.09697,0.8267,0.93758,1.04057,0.0018957,0.0018957,0.0018957
90,632.696,1.38161,1.16637,1.33526,1.20857,0.53842,0.6,0.55576,0.32529,0.53842,0.6,0.55576,0.21659,0.94113,0.98466,1.00174,0.98172,0.00189337,0.00189337,0.00189337
91,639.858,1.54756,1.45041,1.51188,1.36641,0.82429,0.6,0.696,0.26164,0.82429,0.6,0.67255,0.25229,0.91481,0.92292,0.94189,0.98117,0.00189103,0.00189103,0.00189103
92,646.999,1.35523,1.17511,1.46037,1.11526,0.45512,0.9,0.57787,0.2671,0.48195,0.83862,0.61678,0.20547,1.06639,0.97818,1.019,1.02991,0.00188866,0.00188866,0.00188866
93,653.869,1.39009,1.29608,1.30156,1.21394,0.51082,0.5,0.59661,0.29205,0.51082,0.5,0.57629,0.27635,1.22124,0.87555,0.92709,1.03627,0.00188627,0.00188627,0.00188627
94,660.733,1.38417,1.25421,1.37639,1.20488,0.45838,0.7,0.49399,0.25124,0.52831,0.7,0.59543,0.26747,1.12791,0.87175,1.03432,1.03081,0.00188385,0.00188385,0.00188385
95,668.285,1.33678,1.22566,1.39029,1.12076,0.65856,0.7,0.64521,0.30696,0.65856,0.7,0.6386,0.21509,1.04159,1.02375,0.96349,0.99309,0.00188142,0.00188142,0.00188142
96,675.872,1.21409,0.98492,1.09409,1.08441,0.52279,0.7,0.59424,0.35085,0.52279,0.7,0.55911,0.2453,1.07231,0.95002,0.85611,0.92696,0.00187896,0.00187896,0.00187896
97,683.702,1.34593,1.11679,1.33762,1.12015,0.45852,0.9,0.63051,0.35456,0.38828,0.6,0.60084,0.28066,0.99019,0.81024,0.86675,0.91024,0.00187647,0.00187647,0.00187647
98,691.989,1.45056,1.27734,1.4913,1.23592,0.38087,0.73943,0.45967,0.17828,0.37944,0.7349,0.45035,0.13864,1.09117,0.88088,0.89196,0.92167,0.00187397,0.00187397,0.00187397
99,700.201,1.46573,1.14133,1.3086,1.18462,0.43984,0.7,0.54305,0.29177,0.43984,0.7,0.5458,0.26341,1.08323,0.84537,0.87463,0.93266,0.00187144,0.00187144,0.00187144
100,707.911,1.42336,1.36311,1.40664,1.26033,0.51149,0.62987,0.56646,0.27388,0.51149,0.62987,0.56292,0.16182,1.21161,1.01878,1.06516,1.05556,0.00186889,0.00186889,0.00186889
101,714.975,1.3485,1.20423,1.40419,1.19084,0.60784,0.6,0.564,0.27755,0.60784,0.6,0.56311,0.21623,1.24653,0.94889,1.13994,1.0755,0.00186631,0.00186631,0.00186631
102,721.447,1.20562,1.14705,1.17731,0.97184,0.45191,0.6,0.52496,0.33575,0.45191,0.6,0.51565,0.27452,1.03189,0.86412,1.02423,0.99579,0.00186372,0.00186372,0.00186372
103,728.361,1.36558,1.15939,1.24395,1.14394,0.46347,0.7,0.513,0.22352,0.46347,0.7,0.50837,0.15811,1.15046,1.03844,1.01452,1.02307,0.0018611,0.0018611,0.0018611
104,735.627,1.46447,1.3288,1.53397,1.27692,0.35942,0.61802,0.45307,0.20947,0.36712,0.6,0.41813,0.15736,1.32199,0.93948,1.01175,1.12365,0.00185846,0.00185846,0.00185846
105,742.484,1.15317,1.12414,1.07078,1.00032,0.39961,0.7,0.49521,0.25624,0.39961,0.7,0.4962,0.22392,1.05496,0.83395,0.96261,0.97623,0.00185579,0.00185579,0.00185579
106,749.532,1.28719,1.12499,1.18312,1.09991,0.57894,0.68841,0.58019,0.27099,0.57894,0.68841,0.59473,0.19019,1.14134,1.09426,0.88585,0.95727,0.00185311,0.00185311,0.00185311
107,756.653,1.34632,1.21619,1.31232,1.14141,0.60287,0.76094,0.71269,0.37679,0.60287,0.76094,0.69914,0.26014,1.01831,0.95958,0.88445,0.89542,0.0018504,0.0018504,0.0018504
108,763.439,1.35994,1.28981,1.45096,1.18221,0.54939,0.7,0.71935,0.3402,0.54939,0.7,0.68193,0.29242,1.14017,0.91565,0.92752,0.98752,0.00184767,0.00184767,0.00184767
109,770.749,1.36232,1.2266,1.40007,1.22858,0.52162,0.65622,0.7079,0.33382,0.52162,0.65622,0.70907,0.34802,1.09481,0.84892,0.9571,0.96982,0.00184492,0.00184492,0.00184492
110,777.767,1.41289,1.27119,1.32086,1.13614,0.49334,0.6,0.57537,0.28069,0.49334,0.6,0.58408,0.26034,1.31496,0.85231,1.03444,1.09719,0.00184215,0.00184215,0.00184215
111,784.483,1.36715,1.19745,1.37851,1.17619,0.48914,0.7,0.63248,0.29557,0.48914,0.7,0.64927,0.21821,1.25312,0.90329,0.94499,1.05108,0.00183936,0.00183936,0.00183936
112,791.589,1.56912,1.46998,1.55356,1.41672,0.49617,0.7,0.66334,0.39847,0.49617,0.7,0.67337,0.26608,1.2249,0.92901,0.91892,1.05525,0.00183655,0.00183655,0.00183655
113,798.673,1.31889,1.17661,1.32162,1.10479,0.45464,0.7518,0.60183,0.32385,0.59297,0.5,0.56775,0.2436,1.18095,0.86765,1.04149,1.01371,0.00183371,0.00183371,0.00183371
114,805.57,1.15707,1.07161,1.13637,1.00063,0.5422,0.8,0.63792,0.32386,0.47372,0.7,0.5962,0.26095,1.18861,0.87499,0.99748,1.02305,0.00183085,0.00183085,0.00183085
115,812.387,1.43876,1.18886,1.31099,1.24081,1,0.57543,0.73829,0.37981,1,0.57543,0.6977,0.3158,1.13873,0.81391,0.91442,0.98612,0.00182798,0.00182798,0.00182798
116,819.927,1.28411,1.02805,1.13205,1.12175,0.74993,0.6,0.72373,0.36379,0.74993,0.6,0.68836,0.2816,1.13893,0.97825,0.85749,0.99782,0.00182508,0.00182508,0.00182508
117,826.586,1.32467,1.1649,1.17726,1.19789,0.46997,0.8,0.69457,0.35377,0.46997,0.8,0.69457,0.34284,1.0407,0.88554,0.90355,0.92923,0.00182216,0.00182216,0.00182216
118,833.665,1.32882,1.0588,1.20109,1.16519,0.95179,0.6,0.76731,0.26326,0.90782,0.5,0.67314,0.10269,1.24375,1.25927,0.83648,1.05251,0.00181922,0.00181922,0.00181922
119,840.535,1.45671,1.24584,1.38603,1.2585,0.43356,0.9,0.59323,0.18542,0.41992,0.94216,0.63532,0.14443,1.30954,0.90262,0.928,1.10293,0.00181626,0.00181626,0.00181626
120,847.703,1.25879,1.17927,1.24231,1.10863,0.51807,0.6,0.59709,0.33355,0.51807,0.6,0.58676,0.27393,1.0221,0.81196,0.87927,0.95952,0.00181328,0.00181328,0.00181328
121,854.584,1.39704,1.18168,1.27898,1.17851,0.37987,0.61326,0.61962,0.33711,0.37987,0.61326,0.60773,0.23328,1.0878,0.98201,0.8626,0.95603,0.00181028,0.00181028,0.00181028
122,861.4,1.14129,1.05068,1.09771,1.0249,0.86826,0.4,0.53197,0.30851,0.86826,0.4,0.56546,0.27617,1.24564,0.96896,1.06607,1.04704,0.00180726,0.00180726,0.00180726
123,868.486,1.45793,1.26469,1.37278,1.24034,0.7352,0.5,0.64833,0.34845,0.7352,0.5,0.64337,0.3554,1.23625,0.81504,0.86223,1.05887,0.00180422,0.00180422,0.00180422
124,875.28,1.2348,1.20113,1.36185,1.10781,0.63085,0.6,0.74007,0.32705,0.63085,0.6,0.69095,0.33501,1.19467,0.79766,0.83697,1.00641,0.00180116,0.00180116,0.00180116
125,882.115,1.32315,1.06718,1.20008,1.18359,0.69096,0.7,0.78223,0.36968,0.69096,0.7,0.76687,0.34465,1.19465,0.85362,0.84301,1.01201,0.00179807,0.00179807,0.00179807
126,888.86,1.38124,1.17358,1.36969,1.1526,0.66731,0.6,0.71192,0.37966,0.66731,0.6,0.6948,0.3528,1.04719,0.82462,0.86797,0.92977,0.00179497,0.00179497,0.00179497
127,895.763,1.35909,1.24424,1.20529,1.18217,0.77089,0.67521,0.70029,0.3325,0.77089,0.67521,0.69885,0.27585,1.10663,0.97458,0.87877,0.94404,0.00179185,0.00179185,0.00179185
128,903.058,1.44591,1.33177,1.51608,1.27377,0.74504,0.7,0.72728,0.41544,0.74504,0.7,0.72623,0.25652,0.90893,0.95295,0.87179,0.88998,0.00178872,0.00178872,0.00178872
129,909.838,1.26911,1.15986,1.24637,1.12242,0.76805,0.66499,0.7071,0.43497,0.76805,0.66499,0.71144,0.27474,0.99458,0.92349,0.83289,0.91358,0.00178556,0.00178556,0.00178556
130,917.097,1.3211,1.21878,1.34861,1.25233,0.6782,0.63461,0.73167,0.34494,0.6782,0.63461,0.71137,0.24997,1.1582,0.94949,0.94174,1.0284,0.00178238,0.00178238,0.00178238
131,923.879,1.13707,1.06922,1.21002,1.02329,0.68154,0.8,0.75576,0.41202,0.68154,0.8,0.73208,0.2892,1.00923,0.88532,0.81047,0.94339,0.00177918,0.00177918,0.00177918
132,931.15,1.24844,1.08486,1.16904,1.09402,0.67936,0.7,0.68674,0.38768,0.67936,0.7,0.67417,0.28539,1.03794,0.88952,0.77293,0.94513,0.00177597,0.00177597,0.00177597
133,938.254,1.28844,1.20057,1.274,1.12565,0.44961,0.8,0.64527,0.38466,0.44961,0.8,0.64933,0.34521,1.1092,0.77558,0.8459,1.00963,0.00177273,0.00177273,0.00177273
134,945.367,1.46854,1.33887,1.41386,1.2701,0.48239,0.74717,0.61055,0.32117,0.48239,0.74717,0.6027,0.24821,1.0762,0.93157,0.91821,1.03829,0.00176948,0.00176948,0.00176948
135,952.398,1.17501,0.91669,1.08764,1.00707,0.49745,0.8,0.58999,0.28828,0.50533,0.6,0.55955,0.25017,0.98998,0.91249,0.83595,0.97471,0.00176621,0.00176621,0.00176621
136,959.523,1.24268,1.11553,1.12554,1.09028,0.41149,0.6,0.59127,0.30568,0.70105,0.4,0.56314,0.28855,1.03801,0.90426,0.79122,0.9445,0.00176292,0.00176292,0.00176292
137,966.208,1.3035,1.14163,1.1787,1.14836,0.41651,0.7,0.57722,0.33277,0.41651,0.7,0.5399,0.24273,1.06835,0.98545,0.90292,0.93448,0.00175961,0.00175961,0.00175961
138,973.322,1.16018,1.13402,1.08768,1.02102,0.55909,0.6,0.69392,0.40857,0.55909,0.6,0.71393,0.34293,1.05131,0.86182,0.95697,0.98843,0.00175628,0.00175628,0.00175628
139,980.601,1.1147,1.01154,1.04788,0.95988,0.70794,0.7,0.68857,0.39737,0.70794,0.7,0.69528,0.30005,1.05173,0.96481,0.93928,0.97265,0.00175294,0.00175294,0.00175294
140,987.258,1.14326,1.09848,1.03569,1.0076,0.65301,0.9,0.79978,0.40502,0.65301,0.9,0.79978,0.34446,1.09852,0.90941,0.83969,1.01532,0.00174958,0.00174958,0.00174958
141,994.147,1.02448,0.96532,0.92339,0.91781,0.92442,0.5,0.74631,0.36067,0.92442,0.5,0.74631,0.28481,1.14947,0.97948,0.90882,1.00583,0.0017462,0.0017462,0.0017462
142,1000.89,1.17746,0.99741,1.05409,1.0407,0.5555,0.8,0.71954,0.38552,0.5555,0.8,0.72584,0.27201,1.0766,0.92052,0.98766,0.96133,0.0017428,0.0017428,0.0017428
143,1007.53,1.20511,1.05847,1.14329,0.98604,0.71179,0.74321,0.73117,0.38655,0.71179,0.74321,0.74361,0.26402,1.04868,0.92211,0.88167,1.00244,0.00173938,0.00173938,0.00173938
144,1014.22,1.2177,1.10887,1.14199,1.02334,0.64718,0.7,0.73029,0.38034,0.64718,0.7,0.74429,0.26461,1.16116,0.966,0.88564,1.00341,0.00173595,0.00173595,0.00173595
145,1020.95,1.0725,1.1058,0.94494,0.94301,0.78755,0.6,0.71447,0.38228,0.49822,0.8,0.58474,0.26131,1.02553,0.88694,0.85656,0.98189,0.0017325,0.0017325,0.0017325
146,1027.93,1.22028,1.19531,1.13338,1.07105,0.91391,0.6,0.78803,0.37765,0.74793,0.5,0.61169,0.18303,1.15909,1.09339,0.8687,1.09186,0.00172903,0.00172903,0.00172903
147,1034.75,1.17547,1.03415,1.09504,1.0858,0.88727,0.78833,0.8068,0.37185,0.77603,0.6937,0.64359,0.23081,1.28328,1.05364,0.87754,1.0055,0.00172555,0.00172555,0.00172555
148,1042.07,1.46089,1.28901,1.4404,1.29594,0.91894,0.9,0.92833,0.51594,0.80358,0.8,0.80258,0.36249,0.93215,0.87891,0.81603,0.90204,0.00172205,0.00172205,0.00172205
149,1049.24,1.17477,0.96999,1.05851,1.01811,0.89022,0.81194,0.89939,0.51217,0.79115,0.76018,0.7839,0.37123,0.95373,0.81675,0.83388,0.89217,0.00171853,0.00171853,0.00171853
150,1056.37,1.17143,1.07041,1.02168,1.00319,0.80314,0.9,0.88024,0.51432,0.70571,0.8,0.72917,0.35354,1.00151,0.86477,0.80186,0.87199,0.001715,0.001715,0.001715
151,1063.39,1.25473,1.12719,1.26307,1.08248,0.79746,0.8,0.81265,0.46074,0.66805,0.7,0.73088,0.35922,0.99374,0.84902,0.85751,0.88769,0.00171145,0.00171145,0.00171145
152,1070.14,1.22161,1.09271,1.16344,1.04593,0.70238,0.7,0.71143,0.38415,0.70238,0.7,0.68782,0.36627,1.06228,0.79661,0.85816,0.92026,0.00170788,0.00170788,0.00170788
153,1077.07,1.20388,1.14512,1.20262,1.0737,0.51902,0.7,0.61877,0.22168,0.51902,0.7,0.5992,0.21673,1.26475,1.03529,0.95721,0.99854,0.0017043,0.0017043,0.0017043
154,1084.13,1.24014,1.18174,1.04585,1.13403,0.69041,0.7,0.71653,0.35693,0.69041,0.7,0.69174,0.28796,1.27252,1.03442,0.9395,1.06202,0.0017007,0.0017007,0.0017007
155,1090.84,1.26916,1.21836,1.24253,1.10683,1,0.58859,0.81237,0.44548,0.91033,0.7,0.78438,0.40631,1.06709,0.84593,0.81533,0.98635,0.00169709,0.00169709,0.00169709
156,1097.84,1.15256,1.1764,1.19643,1.06052,0.74187,0.9,0.9,0.44514,0.68657,0.9,0.79339,0.30554,1.05037,0.91216,0.90245,0.98637,0.00169346,0.00169346,0.00169346
157,1104.86,1.39981,1.32302,1.36959,1.23044,0.85439,0.58843,0.72336,0.39502,0.85439,0.58843,0.68973,0.25427,1.03522,1.06869,0.7629,0.9502,0.00168981,0.00168981,0.00168981
158,1112.02,1.19376,1.18264,1.10252,1.02699,0.67975,0.7,0.69834,0.371,0.67975,0.7,0.68507,0.31249,0.983,0.89782,0.98636,0.94253,0.00168615,0.00168615,0.00168615
159,1119.02,1.19406,1.13756,1.02672,1.03438,0.47433,0.63325,0.62286,0.29051,0.62106,0.65792,0.6529,0.28158,1.16862,0.96284,0.97127,0.96322,0.00168248,0.00168248,0.00168248
160,1125.89,1.31922,1.2228,1.15714,1.15771,0.57723,0.9,0.65132,0.43076,0.68309,0.7,0.67179,0.28064,0.86709,0.9683,0.82642,0.82145,0.00167878,0.00167878,0.00167878
161,1132.68,1.18827,1.18491,0.98707,1.0076,0.63593,0.69881,0.66612,0.41732,0.66126,0.7,0.68894,0.32393,1.04841,0.94353,1.01082,0.91318,0.00167508,0.00167508,0.00167508
162,1139.9,1.14835,1.08114,1.0106,1.03409,0.71178,0.6,0.68674,0.45394,0.87475,0.69861,0.73929,0.40189,1.13117,0.80503,0.95773,1.07312,0.00167136,0.00167136,0.00167136
163,1146.78,1.10305,1.05172,0.9864,0.94165,0.85667,0.6,0.77852,0.47979,0.79145,0.7,0.81196,0.36457,1.20084,0.83718,1.12343,1.03846,0.00166762,0.00166762,0.00166762
164,1153.73,1.18023,1.22962,1.10598,1.06421,0.85234,0.8,0.82846,0.4533,0.74369,0.7,0.6899,0.28987,1.102,0.90956,1.14629,0.95134,0.00166387,0.00166387,0.00166387
165,1160.49,1.15183,1.08345,1.16975,0.99035,0.98865,0.8,0.80625,0.47488,0.85608,0.7,0.70511,0.32343,1.09851,0.8395,1.11761,0.98553,0.00166011,0.00166011,0.00166011
166,1167.74,1.21359,1.0799,1.15719,1.09979,0.87546,0.8,0.83299,0.45747,0.76189,0.7,0.69906,0.35264,0.93592,0.82731,0.88953,0.9241,0.00165633,0.00165633,0.00165633
167,1174.65,1.14734,1.11271,1.03213,0.98614,0.78377,0.72697,0.77026,0.3427,0.67954,0.63861,0.61772,0.29854,1.0622,0.92414,0.95089,0.96617,0.00165254,0.00165254,0.00165254
168,1181.12,1.2102,1.07681,1.16729,1.03796,0.45852,0.8,0.58012,0.30214,0.66784,0.6,0.63693,0.29985,1.13151,0.90676,0.95784,0.99714,0.00164873,0.00164873,0.00164873
169,1188.22,1.17115,1.0756,1.05732,1.01468,0.65188,0.8,0.76989,0.38646,0.56017,0.7,0.63325,0.25273,1.14343,0.95652,0.84162,1.02802,0.00164491,0.00164491,0.00164491
170,1194.99,1.17397,1.10362,0.97672,1.01245,0.71864,0.76835,0.75659,0.35305,0.5579,0.7,0.60294,0.20254,1.19285,1.00478,0.78129,1.04318,0.00164108,0.00164108,0.00164108
171,1201.84,1.31406,1.42376,1.28425,1.13742,0.66543,0.6,0.70358,0.34921,0.53639,0.5,0.48245,0.24337,1.03088,0.90235,0.77954,0.91696,0.00163723,0.00163723,0.00163723
172,1208.9,1.15158,1.0802,1.01517,1.01714,0.60531,0.6,0.69965,0.37174,0.51905,0.8,0.58748,0.21494,0.9942,1.00137,0.81531,0.93425,0.00163337,0.00163337,0.00163337
173,1216.03,1.33113,1.30824,1.15136,1.13981,0.84841,0.7,0.79622,0.34784,0.72256,0.6,0.67288,0.26358,1.14715,0.88113,0.84123,1.00574,0.00162949,0.00162949,0.00162949
174,1222.99,1.30184,1.14531,1.15238,1.15085,0.92988,0.6,0.76597,0.41191,0.92988,0.6,0.76932,0.28359,1.06483,0.86504,0.83036,0.93379,0.00162561,0.00162561,0.00162561
175,1229.86,1.14855,1.08567,1.07514,1.02771,0.55978,0.76466,0.70308,0.47753,0.55978,0.76466,0.70308,0.32883,0.84038,0.85441,0.85967,0.9019,0.00162171,0.00162171,0.00162171
176,1236.65,1.15743,1.19198,1.17103,1.07189,0.52625,0.77875,0.64426,0.43332,0.59159,0.7,0.67092,0.32164,0.89889,0.7958,0.82356,0.89703,0.00161779,0.00161779,0.00161779
177,1243.92,1.08149,0.99059,0.93338,0.96307,0.64617,0.8,0.66521,0.32311,0.66402,0.8,0.75904,0.31863,1.06914,0.87414,0.91074,0.86873,0.00161387,0.00161387,0.00161387
178,1250.89,1.0724,0.97703,0.96943,1.04583,0.79817,0.79175,0.75718,0.42458,0.79817,0.79175,0.75718,0.3787,0.93019,0.7832,0.73856,0.78349,0.00160993,0.00160993,0.00160993
179,1257.64,1.12685,1.18528,1.14486,0.9697,0.96017,0.8,0.8911,0.49748,0.96017,0.8,0.8911,0.47944,0.83302,0.72081,0.70536,0.79413,0.00160598,0.00160598,0.00160598
180,1264.53,1.28717,1.23672,1.2162,1.11813,0.81106,0.9,0.87346,0.46676,0.81106,0.9,0.87346,0.31854,0.94507,0.85765,0.70596,0.85509,0.00160202,0.00160202,0.00160202
181,1271.48,1.28879,1.3053,1.20056,1.11168,0.98324,0.8,0.89929,0.41545,0.98324,0.8,0.89929,0.25783,1.12294,0.88922,0.76849,0.89774,0.00159805,0.00159805,0.00159805
182,1278.39,1.07909,1.11889,0.98781,0.95827,0.94088,0.8,0.87824,0.44096,0.81941,0.7,0.72896,0.30573,1.00468,0.89473,0.78395,0.86108,0.00159406,0.00159406,0.00159406
183,1285.14,1.30041,1.33192,1.07134,1.09279,0.93801,0.8,0.84848,0.47054,0.81819,0.7,0.71679,0.31883,0.90304,0.92137,0.82467,0.8266,0.00159006,0.00159006,0.00159006
184,1291.82,1.30671,1.23897,1.24049,1.2107,0.86524,0.8,0.84493,0.43487,0.75532,0.7,0.71518,0.25485,1.08853,0.95961,0.70879,0.89978,0.00158605,0.00158605,0.00158605
185,1298.64,1.11204,1.07238,1.02078,1.02732,0.89131,0.82178,0.90387,0.46242,0.77348,0.8,0.72059,0.28651,1.0164,1.01497,0.68355,0.91125,0.00158203,0.00158203,0.00158203
186,1305.32,1.2387,1.12645,1.13061,1.0916,0.84771,0.8,0.85075,0.47359,0.73613,0.7,0.68585,0.31425,0.95341,0.89078,0.6962,0.85572,0.001578,0.001578,0.001578
187,1312.29,1.22792,1.22557,1.11946,1.09901,0.83308,0.8,0.86377,0.42162,0.72278,0.7,0.69144,0.2804,1.02925,0.89738,0.70537,0.89355,0.00157396,0.00157396,0.00157396
188,1319.2,1.25207,1.26461,1.21077,1.0944,0.81435,0.9,0.86919,0.39188,0.67482,0.8,0.68745,0.23346,1.04969,0.94761,0.80673,0.87047,0.00156991,0.00156991,0.00156991
189,1326.48,1.16157,1.04817,1.16788,0.99319,1,0.80087,0.90851,0.51327,1,0.80087,0.91773,0.34341,0.8637,0.92948,0.76416,0.80112,0.00156585,0.00156585,0.00156585
190,1333.45,1.23036,1.13779,1.09731,1.0948,0.8914,0.9,0.92357,0.54563,0.8914,0.9,0.94045,0.42865,0.84809,0.73428,0.64433,0.79614,0.00156177,0.00156177,0.00156177
191,1340.16,1.14614,1.00425,1.13701,0.99655,0.88886,0.79977,0.91152,0.48012,0.88886,0.79977,0.91152,0.33112,1.00639,0.82313,0.76194,0.87004,0.00155769,0.00155769,0.00155769
192,1347.13,1.26012,1.27852,1.20775,1.08106,0.89196,0.82767,0.935,0.52882,0.89196,0.82767,0.935,0.38669,1.03579,0.83325,0.7198,0.95924,0.00155359,0.00155359,0.00155359
193,1353.85,1.07506,1.01258,1.0362,0.92188,0.89845,0.88608,0.91071,0.50733,0.84585,0.8,0.85056,0.4426,0.87492,0.78663,0.76762,0.82777,0.00154949,0.00154949,0.00154949
194,1360.81,0.93249,0.81034,0.90443,0.81,0.87212,0.7,0.82701,0.48566,0.87212,0.7,0.82701,0.42781,0.89493,0.80572,0.84259,0.82814,0.00154537,0.00154537,0.00154537
195,1367.74,1.14909,1.14549,1.1845,1.01488,0.84059,0.8,0.83502,0.50945,0.84059,0.8,0.83502,0.41422,0.89085,0.81532,0.76537,0.81056,0.00154125,0.00154125,0.00154125
196,1374.53,1.00151,0.96835,1.08592,0.90829,0.71312,0.8,0.80286,0.46684,0.71312,0.8,0.80286,0.37984,0.86339,0.82205,0.80031,0.82522,0.00153712,0.00153712,0.00153712
197,1381.43,1.16806,1.04444,1.05958,1.07324,0.76021,0.95309,0.92885,0.54774,0.76021,0.95309,0.92885,0.35121,0.89534,0.90209,0.72357,0.89661,0.00153297,0.00153297,0.00153297
198,1388.18,1.08136,1.04246,1.02274,0.94155,0.89467,0.7,0.8752,0.52247,0.76491,0.6,0.77031,0.31533,0.99723,0.9561,0.77405,0.91942,0.00152882,0.00152882,0.00152882
199,1394.84,1.24061,1.06783,1.0042,1.0877,0.69078,0.9,0.83228,0.53981,0.69078,0.9,0.83228,0.3941,0.79549,0.86448,0.70976,0.84215,0.00152466,0.00152466,0.00152466
200,1401.8,1.10944,1.12128,0.96285,0.99889,0.68872,0.8,0.82261,0.56856,0.68872,0.8,0.83201,0.38439,0.76359,0.93104,0.71965,0.79545,0.00152049,0.00152049,0.00152049
201,1408.6,1.15321,1.16213,1.05263,1.14198,0.76884,0.8,0.84881,0.53949,0.76884,0.8,0.84881,0.44132,0.74791,0.82859,0.68302,0.78782,0.00151631,0.00151631,0.00151631
202,1415.6,1.22026,1.15362,1.15593,1.06781,0.79763,0.7,0.84679,0.53197,0.79763,0.7,0.85118,0.38301,0.81931,0.96316,0.67964,0.79699,0.00151212,0.00151212,0.00151212
203,1423.13,1.05401,1.15163,0.9539,0.94829,0.95676,0.7,0.86512,0.56967,0.81926,0.6,0.74339,0.36457,0.85478,1.03449,0.70488,0.79316,0.00150793,0.00150793,0.00150793
204,1429.76,1.10019,1.07434,1.10849,0.97841,0.87856,0.6,0.82066,0.53487,0.7185,0.51181,0.70564,0.36083,0.83116,0.85161,0.76473,0.79329,0.00150373,0.00150373,0.00150373
205,1436.48,1.20441,1.21137,1.14227,1.07307,0.85076,0.7,0.81458,0.50003,0.85076,0.7,0.77183,0.37836,0.94994,0.87409,0.84967,0.84002,0.00149951,0.00149951,0.00149951
206,1443.49,1.28241,1.2007,1.14365,1.12907,0.95524,0.7,0.7974,0.47566,0.95524,0.7,0.77263,0.33447,1.00361,0.98079,0.88678,0.84985,0.00149529,0.00149529,0.00149529
207,1450.34,1.10809,1.00915,1.05403,1.02245,0.86883,0.8,0.81641,0.49734,0.86883,0.8,0.80606,0.42129,0.74799,0.82833,0.84819,0.74956,0.00149107,0.00149107,0.00149107
208,1457.06,1.23142,1.03941,1.24634,1.04064,0.97932,0.7,0.77107,0.40783,0.97932,0.7,0.78829,0.40399,0.98195,0.85354,0.92596,0.84603,0.00148683,0.00148683,0.00148683
209,1464.03,1.16126,1.09684,1.05859,1.04234,0.84911,0.7,0.73944,0.42557,0.96873,0.8,0.83829,0.32586,1.0798,0.99846,0.95713,0.92422,0.00148259,0.00148259,0.00148259
210,1471.17,1.09078,1.08794,1.0357,1.00889,0.75246,0.7,0.71024,0.47667,0.86229,0.8,0.81804,0.41761,0.88069,0.85668,0.74644,0.81255,0.00147834,0.00147834,0.00147834
211,1478.21,1.13051,1.03949,0.93996,1.02032,0.83955,0.8,0.83213,0.45396,0.83955,0.8,0.82828,0.38489,0.95865,0.97697,0.73749,0.8923,0.00147408,0.00147408,0.00147408
212,1485.61,1.07149,1.12847,1.01761,1.04327,0.88746,0.78968,0.84427,0.48134,0.88746,0.78968,0.8748,0.37049,1.04782,0.8371,0.73061,0.95121,0.00146982,0.00146982,0.00146982
213,1492.58,1.06317,1.1006,0.96935,1.02316,0.86812,0.8,0.82536,0.42468,0.71976,0.77246,0.75297,0.33935,1.03977,0.78696,0.78581,0.94454,0.00146555,0.00146555,0.00146555
214,1499.32,1.20448,1.06831,1.04802,1.11701,0.96349,0.7,0.81945,0.52051,0.96349,0.7,0.8068,0.324,1.01996,0.95329,0.75754,0.92254,0.00146127,0.00146127,0.00146127
215,1506.46,1.14312,1.08991,1.07411,1.05683,1,0.79305,0.84743,0.54599,1,0.79305,0.83606,0.37141,0.99186,0.92818,0.82055,0.91653,0.00145699,0.00145699,0.00145699
216,1513.42,1.13427,1.18495,1.10158,1.07294,0.897,0.87299,0.87167,0.51214,0.897,0.87299,0.87167,0.37644,0.9648,0.87571,0.75827,0.92076,0.0014527,0.0014527,0.0014527
217,1520.44,1.1233,1.17883,1.11811,1.06741,0.80982,0.9,0.87773,0.48056,0.80982,0.9,0.87773,0.37792,0.98138,0.84758,0.78782,0.88237,0.0014484,0.0014484,0.0014484
218,1527.51,1.15459,1.1947,1.04043,1.0374,0.91882,0.8,0.92682,0.48215,0.91882,0.8,0.92682,0.40013,1.00946,0.85792,0.76125,0.90501,0.0014441,0.0014441,0.0014441
219,1534.43,1.03932,1.0405,0.89321,1.01806,1,0.69447,0.89848,0.4462,0.8557,0.7,0.79472,0.38024,1.09911,0.88718,0.72365,0.97922,0.0014398,0.0014398,0.0014398
220,1541.44,0.86298,0.83233,0.8195,0.8057,0.65412,0.8,0.83239,0.44118,0.98383,0.6,0.79984,0.35711,1.15188,0.87226,0.76222,0.9815,0.00143548,0.00143548,0.00143548
221,1547.86,1.17802,0.97341,1.03323,0.99234,1,0.68991,0.83833,0.53546,1,0.68991,0.83929,0.35533,1.03179,0.92047,0.80931,0.92976,0.00143117,0.00143117,0.00143117
222,1554.91,1.2043,1.19831,1.23083,1.06564,0.89168,0.82513,0.8818,0.52033,0.78727,0.7427,0.75864,0.31219,1.00442,1.03666,0.75336,0.96654,0.00142684,0.00142684,0.00142684
223,1561.78,1.28823,1.20291,1.27783,1.17553,1,0.8817,0.92278,0.5446,1,0.8817,0.92278,0.39991,0.95965,0.88969,0.77515,0.90529,0.00142252,0.00142252,0.00142252
224,1569.03,1.02158,0.96362,1.09829,0.96799,0.98082,0.9,0.91167,0.57229,0.98082,0.9,0.91722,0.4608,0.92883,0.79159,0.76713,0.90249,0.00141818,0.00141818,0.00141818
225,1575.88,1.1268,1.0537,1.18836,1.02142,1,0.68855,0.80074,0.54507,1,0.68855,0.77326,0.39113,0.93749,0.90838,0.81342,0.9223,0.00141385,0.00141385,0.00141385
226,1583.17,1.00939,0.89426,1.04076,0.92388,0.85134,0.7,0.78548,0.46952,0.85134,0.7,0.75963,0.34831,1.00236,0.91007,0.79454,0.8992,0.0014095,0.0014095,0.0014095
227,1590.1,1.08879,1.06845,1.15087,0.98775,0.8641,0.5,0.74226,0.4225,0.8641,0.5,0.7255,0.28688,1.04077,0.90346,0.82348,0.90311,0.00140516,0.00140516,0.00140516
228,1597.23,1.13257,1.02962,1.10623,0.98285,0.81473,0.9,0.85055,0.48417,0.81473,0.9,0.8235,0.3498,1.00412,0.92612,0.80364,0.8926,0.00140081,0.00140081,0.00140081
229,1603.99,0.98233,0.97464,0.95699,0.88354,1,0.75898,0.89439,0.52933,1,0.75898,0.87694,0.42787,0.92633,0.83748,0.72945,0.87206,0.00139645,0.00139645,0.00139645
230,1611.07,1.0362,0.9393,1.07184,0.91979,0.7953,0.8,0.80757,0.44803,0.7953,0.8,0.80757,0.38536,0.91706,0.78773,0.84366,0.89796,0.0013921,0.0013921,0.0013921
231,1618.43,1.00776,0.96164,1.03738,0.95892,1,0.69908,0.8378,0.46617,1,0.69908,0.79544,0.40275,0.91714,0.77897,0.80675,0.87822,0.00138773,0.00138773,0.00138773
232,1625.44,1.12341,1.02184,1.10324,1.0243,0.88754,0.79031,0.8916,0.46158,0.9556,0.6,0.81131,0.37061,0.98358,0.95185,0.77269,0.84808,0.00138337,0.00138337,0.00138337
233,1632.59,0.93808,0.98148,0.82536,0.86541,0.98248,0.7,0.88641,0.52139,0.98248,0.7,0.88641,0.42362,0.92801,0.87037,0.76391,0.8365,0.001379,0.001379,0.001379
234,1639.5,1.02911,1.02016,0.91678,0.98041,0.84951,0.9,0.90346,0.534,0.84951,0.9,0.90346,0.43567,0.88862,0.81456,0.70586,0.80675,0.00137463,0.00137463,0.00137463
235,1646.45,1.29763,1.23368,1.226,1.135,0.88579,1,0.995,0.64541,0.88579,1,0.995,0.5076,0.86731,0.82332,0.60777,0.7692,0.00137025,0.00137025,0.00137025
236,1653.32,1.04348,0.9462,0.9294,0.91404,0.98248,0.8,0.95374,0.57344,0.98248,0.8,0.95374,0.49594,0.91842,0.87837,0.66333,0.78561,0.00136588,0.00136588,0.00136588
237,1659.94,1.13092,1.00221,0.94703,0.98092,1,0.69066,0.79527,0.49491,1,0.69066,0.78596,0.37935,1.09116,0.93991,0.81685,0.86406,0.0013615,0.0013615,0.0013615
238,1666.83,1.10896,1.02768,1.06772,1.01611,0.74999,0.7,0.6961,0.43626,0.74999,0.7,0.72188,0.4114,1.052,0.81434,0.96058,0.93243,0.00135711,0.00135711,0.00135711
239,1673.53,0.95767,0.96996,0.88946,0.86792,0.64514,0.8,0.73391,0.49572,0.64514,0.8,0.76874,0.39447,1.0101,0.8559,0.80991,0.85653,0.00135273,0.00135273,0.00135273
240,1680.52,1.07653,1.10016,0.95342,0.96903,0.98013,0.8,0.91423,0.57095,0.98013,0.8,0.91423,0.42188,0.8265,0.89489,0.72592,0.79124,0.00134834,0.00134834,0.00134834
241,1687.59,1.18638,1.08128,1.12903,1.05272,1,0.77424,0.905,0.58413,1,0.77424,0.91056,0.42127,0.83757,0.85148,0.69863,0.79719,0.00134395,0.00134395,0.00134395
242,1694.45,0.99216,0.95124,1.01728,0.93909,0.85149,0.7,0.81604,0.52547,0.85149,0.7,0.80983,0.38846,0.95468,0.91562,0.73796,0.84779,0.00133956,0.00133956,0.00133956
243,1701.67,1.03159,1.04175,0.93587,0.96914,0.8002,0.7,0.78869,0.50668,0.8002,0.7,0.79614,0.37421,0.80077,0.93753,0.7228,0.81715,0.00133517,0.00133517,0.00133517
244,1708.51,1.08526,1.03665,0.88937,0.95933,0.8473,0.7,0.80226,0.54369,0.8473,0.7,0.80226,0.43553,0.81363,0.88082,0.68915,0.7944,0.00133078,0.00133078,0.00133078
245,1715.24,0.97324,0.87106,0.8528,0.88305,0.85462,0.8,0.84423,0.60959,0.85462,0.8,0.85125,0.4669,0.7573,0.86628,0.65081,0.75846,0.00132638,0.00132638,0.00132638
246,1722.2,1.05973,1.03946,0.89812,1.00883,0.89706,0.87355,0.925,0.59559,0.89706,0.87355,0.9153,0.37736,0.76233,1.02969,0.67269,0.75332,0.00132199,0.00132199,0.00132199
247,1729.13,1.16032,1.16905,1.10795,1.02495,0.98762,0.8,0.89125,0.56605,0.84563,0.7,0.79983,0.36656,0.82321,0.97646,0.70158,0.79097,0.00131759,0.00131759,0.00131759
248,1735.92,0.96079,1.01229,1.02346,0.91923,0.78315,0.8,0.84961,0.46675,0.78315,0.8,0.76461,0.33532,0.82456,0.89632,0.72102,0.84425,0.00131319,0.00131319,0.00131319
249,1742.85,1.11927,1.16484,1.03677,1.06119,0.716,0.8,0.85979,0.46849,0.716,0.8,0.77479,0.37751,0.84057,0.86853,0.72221,0.84988,0.0013088,0.0013088,0.0013088
250,1749.75,1.11216,1.12164,1.02506,0.99679,0.80212,0.8,0.8897,0.50668,0.75851,0.8,0.76942,0.37133,0.92656,0.82404,0.69176,0.84825,0.0013044,0.0013044,0.0013044
251,1756.92,1.03836,0.95798,0.95195,0.96815,0.74327,0.8704,0.8816,0.45533,0.74327,0.8704,0.8816,0.32411,0.88172,0.89991,0.68301,0.83472,0.0013,0.0013,0.0013
252,1763.97,1.35685,1.24969,1.2457,1.25783,1,0.69828,0.86726,0.48465,1,0.69828,0.88241,0.37226,0.86988,0.90535,0.66575,0.83454,0.0012956,0.0012956,0.0012956
253,1770.68,1.25585,1.2148,1.14756,1.16534,0.88075,0.74144,0.8883,0.52983,0.88075,0.74144,0.89735,0.4028,0.83656,0.82846,0.65198,0.82027,0.0012912,0.0012912,0.0012912
254,1777.6,0.91839,0.89653,0.86193,0.89144,1,0.77076,0.88987,0.51114,1,0.77076,0.8928,0.40295,0.94995,0.83138,0.70372,0.86408,0.00128681,0.00128681,0.00128681
255,1784.8,1.06658,1.11623,0.98605,1.00361,1,0.78432,0.87208,0.46496,1,0.78432,0.88458,0.3798,0.98802,0.85991,0.66745,0.87849,0.00128241,0.00128241,0.00128241
256,1791.78,1.07963,1.09317,1.03984,1.0353,1,0.79446,0.88357,0.52602,0.87462,0.69785,0.80044,0.3961,0.89507,0.84943,0.66173,0.84257,0.00127801,0.00127801,0.00127801
257,1798.92,1.0441,1.12442,0.96354,0.93158,0.92066,0.7,0.8633,0.55731,0.92066,0.7,0.90373,0.46707,0.88343,0.84296,0.71849,0.80208,0.00127362,0.00127362,0.00127362
258,1805.9,1.07281,0.99433,1.06442,0.97692,1,0.77438,0.89632,0.55213,1,0.79568,0.97833,0.4792,0.76638,0.85835,0.67201,0.79226,0.00126922,0.00126922,0.00126922
259,1812.73,0.98292,0.9699,0.93497,0.94383,1,0.68939,0.88346,0.50829,1,0.68939,0.89045,0.43651,0.84099,0.9414,0.63921,0.79607,0.00126483,0.00126483,0.00126483
260,1819.51,1.06748,0.95463,1.03166,0.94069,1,0.79038,0.86397,0.48994,1,0.79038,0.86397,0.45988,0.81415,0.85275,0.6788,0.80823,0.00126044,0.00126044,0.00126044
261,1826.46,1.0337,1.01512,0.95911,0.96707,0.80172,0.8,0.83944,0.50776,0.80172,0.8,0.83944,0.38679,0.81273,0.95103,0.7535,0.80457,0.00125605,0.00125605,0.00125605
262,1833.55,1.20907,1.17391,1.08341,1.11687,0.8591,0.7,0.85221,0.50472,0.8591,0.7,0.85221,0.32891,0.85203,1.00992,0.75485,0.79174,0.00125166,0.00125166,0.00125166
263,1840.1,1.14681,1.19496,1.09188,1.06727,0.964,0.7,0.87513,0.48548,0.964,0.7,0.87513,0.42355,0.8567,0.84056,0.68175,0.80478,0.00124727,0.00124727,0.00124727
264,1847.15,0.91546,0.87595,0.90362,0.82083,1,0.78759,0.87704,0.49569,1,0.78759,0.87704,0.4106,0.81008,0.83886,0.67876,0.76082,0.00124289,0.00124289,0.00124289
265,1854.29,1.16883,1.33527,1.10222,1.06714,0.93554,0.7,0.84954,0.53087,0.93554,0.7,0.84954,0.41841,0.87623,0.79106,0.71184,0.75173,0.0012385,0.0012385,0.0012385
266,1860.94,1.13828,1.15132,1.01975,1.07123,0.9963,0.8,0.88348,0.52426,0.9963,0.8,0.88348,0.42014,0.83675,0.78781,0.66721,0.74517,0.00123412,0.00123412,0.00123412
267,1867.99,0.95591,1.09691,0.97439,0.88256,0.97408,0.8,0.89346,0.53356,0.97408,0.8,0.92,0.33694,0.83576,0.91907,0.66159,0.77271,0.00122975,0.00122975,0.00122975
268,1874.89,1.04837,1.0744,1.0374,0.96579,1,0.78493,0.92673,0.53231,1,0.78493,0.92673,0.40375,0.85408,0.88523,0.67861,0.77121,0.00122537,0.00122537,0.00122537
269,1882.08,1.15972,1.15092,0.99382,1.04419,0.99729,0.8,0.89142,0.51903,0.86682,0.7,0.7883,0.40405,0.87871,0.82972,0.69835,0.80505,0.001221,0.001221,0.001221
270,1889.09,0.87636,1.02636,0.83446,0.84133,1,0.67525,0.86106,0.49987,0.9676,0.6,0.81197,0.36155,0.91123,0.89249,0.70184,0.82037,0.00121663,0.00121663,0.00121663
271,1895.83,1.00837,0.98293,0.92032,1.02893,1,0.68199,0.86773,0.51944,1,0.68199,0.87132,0.35601,0.96749,0.82773,0.77107,0.91824,0.00121227,0.00121227,0.00121227
272,1902.68,1.03815,1.14099,0.89789,0.9937,0.98367,0.7,0.84549,0.50351,0.98367,0.7,0.85294,0.3812,0.95552,0.83814,0.72427,0.92272,0.0012079,0.0012079,0.0012079
273,1909.61,1.05318,1.08423,0.82464,0.99347,0.74608,0.88277,0.87513,0.52577,0.74608,0.88277,0.87513,0.41948,0.79292,0.85591,0.69155,0.77924,0.00120355,0.00120355,0.00120355
274,1916.51,0.90742,1.00103,0.75883,0.89954,0.84464,0.8,0.90598,0.57861,0.73116,0.7,0.8083,0.43866,0.7511,0.87029,0.67635,0.77008,0.00119919,0.00119919,0.00119919
275,1923.4,1.26872,1.26833,1.22993,1.14119,0.70902,0.8,0.83509,0.50284,0.70902,0.8,0.83509,0.42153,0.86753,0.90955,0.69859,0.77377,0.00119484,0.00119484,0.00119484
276,1930.15,0.95854,1.01755,0.87982,0.91794,0.83969,0.7,0.80575,0.46705,0.83969,0.7,0.79975,0.36701,0.83553,1.03233,0.71514,0.76128,0.0011905,0.0011905,0.0011905
277,1937.27,1.11995,1.09348,0.92629,1.01519,0.85548,0.8,0.86765,0.56608,0.85548,0.8,0.86765,0.40177,0.71294,0.87047,0.69267,0.72862,0.00118615,0.00118615,0.00118615
278,1944.42,1.0175,1.11313,0.94786,0.98655,0.81312,0.87216,0.88184,0.57634,0.72092,0.77671,0.78196,0.37053,0.80817,0.88353,0.69841,0.77955,0.00118182,0.00118182,0.00118182
279,1951.52,1.09486,1.08381,0.99917,0.99553,1,0.6736,0.85833,0.59929,1,0.6736,0.87174,0.41734,0.74517,0.83162,0.6336,0.75695,0.00117748,0.00117748,0.00117748
280,1958.44,1.15804,1.27136,1.0951,1.04558,1,0.68264,0.80111,0.55508,1,0.68264,0.82294,0.4037,0.7432,0.89368,0.75548,0.78192,0.00117316,0.00117316,0.00117316
281,1965.25,0.92878,0.99586,0.85117,0.94032,0.88545,0.8,0.83407,0.57929,0.88545,0.8,0.82369,0.39166,0.80118,0.94449,0.72186,0.79936,0.00116883,0.00116883,0.00116883
282,1972.37,1.06245,1.17678,0.95696,0.9849,0.88378,0.8,0.87437,0.5188,0.88378,0.8,0.84699,0.37807,0.8939,0.8989,0.62461,0.86343,0.00116452,0.00116452,0.00116452
283,1979.31,1.0302,1.0463,0.80538,0.98241,0.86795,0.8,0.88453,0.54818,0.86795,0.8,0.84171,0.38884,0.82585,0.89552,0.61902,0.82874,0.0011602,0.0011602,0.0011602
284,1986.23,1.03266,0.97561,0.80499,1.01114,0.97283,0.7,0.88214,0.62147,0.97283,0.7,0.88214,0.41878,0.77225,0.93979,0.64645,0.78825,0.0011559,0.0011559,0.0011559
285,1992.87,0.87707,0.98666,0.87392,0.83294,0.97847,0.7,0.83971,0.56856,0.97847,0.7,0.83119,0.40271,0.84508,0.97029,0.69379,0.79473,0.0011516,0.0011516,0.0011516
286,1999.9,0.98827,1.00745,0.81271,0.90281,0.96686,0.8,0.8525,0.54598,0.96686,0.8,0.84628,0.44328,0.90219,0.93535,0.66595,0.79121,0.0011473,0.0011473,0.0011473
287,2007.11,0.95791,1.02658,0.84779,0.93921,0.81287,0.7,0.77459,0.53216,1,0.78621,0.8294,0.42373,0.85012,1.05759,0.69198,0.774,0.00114301,0.00114301,0.00114301
288,2014.24,0.9583,0.96885,0.91782,0.90878,1,0.7869,0.8537,0.52121,1,0.7869,0.83179,0.41601,0.79696,1.05646,0.64348,0.80928,0.00113873,0.00113873,0.00113873
289,2021.15,1.07327,1.06888,1.03537,0.99474,0.85567,0.8,0.85629,0.52523,0.87186,0.68242,0.79956,0.38145,0.88405,0.90844,0.62733,0.83976,0.00113445,0.00113445,0.00113445
290,2028.31,1.10165,1.2068,1.0936,1.03672,0.8715,0.8,0.8409,0.57092,0.76107,0.7,0.82197,0.38474,0.90167,0.87027,0.65476,0.8149,0.00113018,0.00113018,0.00113018
291,2035.09,0.88075,0.90587,0.84001,0.86517,1,0.89014,0.91195,0.63236,0.89596,0.86367,0.9375,0.39149,0.79476,0.93953,0.59289,0.79718,0.00112592,0.00112592,0.00112592
292,2042.21,0.90548,0.97006,0.86914,0.85763,1,0.78466,0.87707,0.62179,1,0.78466,0.89632,0.35807,0.78185,0.94759,0.63508,0.80862,0.00112166,0.00112166,0.00112166
293,2048.95,0.91877,0.95573,0.81005,0.87835,0.9774,0.7,0.83159,0.55321,0.9774,0.7,0.84837,0.41747,0.84225,0.86134,0.64608,0.81484,0.00111741,0.00111741,0.00111741
294,2055.91,1.06205,1.17446,1.1065,1.02609,1,0.78775,0.87516,0.5637,1,0.78775,0.89381,0.41756,0.87845,0.90859,0.61148,0.80049,0.00111317,0.00111317,0.00111317
295,2063.01,1.04834,1.07722,0.97255,0.93802,0.85699,0.9,0.89583,0.50414,0.85699,0.9,0.90278,0.44403,0.93273,0.85354,0.66997,0.79095,0.00110893,0.00110893,0.00110893
296,2069.8,1.03974,0.94085,0.93088,0.96357,1,0.76616,0.92682,0.51681,1,0.89083,0.945,0.44739,0.96862,0.82783,0.70099,0.84658,0.00110471,0.00110471,0.00110471
297,2076.87,0.90811,0.96991,0.78747,0.86421,0.98274,0.7,0.90889,0.50128,0.63815,0.8,0.79341,0.35852,0.96879,0.85019,0.69902,0.86646,0.00110049,0.00110049,0.00110049
298,2083.84,0.99105,0.91987,1.00361,0.92507,0.78029,0.8,0.87204,0.54575,0.68188,0.7,0.75435,0.34492,0.90032,0.89519,0.73449,0.7963,0.00109627,0.00109627,0.00109627
299,2091.02,0.94355,0.98988,0.81428,0.87918,0.77639,0.8,0.87941,0.54568,0.95944,0.7,0.83845,0.4323,0.85494,0.81277,0.66908,0.81477,0.00109207,0.00109207,0.00109207
300,2098.23,1.06785,0.94089,0.89808,1.00014,0.81296,0.87128,0.85869,0.57441,0.88608,0.77976,0.82424,0.37939,0.82168,0.90007,0.64711,0.79417,0.00108788,0.00108788,0.00108788
301,2105.24,0.93428,1.09,0.84394,0.87186,0.81258,0.9,0.88162,0.61875,0.86845,0.8,0.8598,0.40615,0.72547,0.85871,0.62265,0.76097,0.00108369,0.00108369,0.00108369
302,2112.1,0.81778,0.91594,0.8077,0.7927,0.95199,0.9,0.93346,0.61264,0.95199,0.9,0.93346,0.4478,0.70602,0.82987,0.56201,0.78736,0.00107951,0.00107951,0.00107951
303,2118.92,0.93773,1.02163,0.90364,0.92444,1,0.89741,0.94045,0.61726,0.88435,0.8,0.83199,0.36927,0.78822,0.95381,0.58372,0.80817,0.00107534,0.00107534,0.00107534
304,2125.71,0.93178,0.90035,0.85836,0.86005,0.97424,0.9,0.93667,0.55363,0.86476,0.8,0.83069,0.3713,0.79828,0.99648,0.62122,0.80184,0.00107118,0.00107118,0.00107118
305,2132.64,0.9357,0.97925,0.81955,0.88608,0.98123,0.8,0.91386,0.58147,0.98123,0.8,0.91386,0.4191,0.7436,0.87119,0.68114,0.77353,0.00106703,0.00106703,0.00106703
306,2139.64,0.90129,0.96298,0.91035,0.88838,0.98813,0.8,0.8753,0.59084,0.98813,0.8,0.8753,0.41237,0.71673,0.80744,0.70707,0.75158,0.00106288,0.00106288,0.00106288
307,2146.56,0.99474,1.08337,0.98122,0.91945,1,0.78906,0.89756,0.60432,1,0.78906,0.89756,0.38734,0.6981,0.84113,0.70907,0.72261,0.00105875,0.00105875,0.00105875
308,2153.47,1.10974,1.20311,0.97588,1.02222,0.93863,0.9,0.91387,0.6188,0.93863,0.9,0.96167,0.44035,0.65121,0.83348,0.68262,0.72759,0.00105463,0.00105463,0.00105463
309,2160.33,0.77647,0.78339,0.68741,0.75834,0.9875,0.9,0.92132,0.60924,0.9875,0.9,0.93667,0.45747,0.68852,0.80397,0.58713,0.74386,0.00105051,0.00105051,0.00105051
310,2166.91,0.99888,1.05606,0.8528,0.94933,0.97478,0.9,0.91773,0.57443,0.97478,0.9,0.91881,0.43411,0.71853,0.8071,0.61517,0.74102,0.00104641,0.00104641,0.00104641
311,2174.04,1.04081,1.03188,0.91924,0.98053,0.81193,0.8656,0.87066,0.61991,0.81193,0.8656,0.89135,0.41637,0.7233,0.83309,0.67295,0.73522,0.00104231,0.00104231,0.00104231
312,2180.87,1.04939,1.24793,0.86467,0.99981,0.8159,0.88745,0.87097,0.55655,0.8159,0.88745,0.89273,0.44507,0.76832,0.77658,0.64019,0.73541,0.00103823,0.00103823,0.00103823
313,2187.81,0.95377,1.00289,0.82988,0.89355,0.81521,0.9,0.83503,0.53353,0.96392,0.8,0.91357,0.40762,0.79716,0.83561,0.62506,0.77288,0.00103415,0.00103415,0.00103415
314,2194.87,0.93702,1.03533,0.85782,0.95109,1,0.8916,0.91224,0.53658,1,0.8916,0.92833,0.37538,0.89269,0.91773,0.61905,0.80378,0.00103009,0.00103009,0.00103009
315,2201.86,0.90101,0.98946,0.88294,0.83593,1,0.8945,0.92,0.56744,1,0.8945,0.93204,0.48402,0.83904,0.78147,0.62325,0.80676,0.00102604,0.00102604,0.00102604
316,2208.85,0.89675,0.94378,0.91939,0.91615,0.97837,0.8,0.90352,0.57806,0.97837,0.8,0.91,0.47893,0.77813,0.76683,0.63685,0.77365,0.001022,0.001022,0.001022
317,2215.96,0.93004,0.9133,0.85073,0.88903,0.98068,0.8,0.88346,0.55112,0.98068,0.8,0.88506,0.42559,0.84396,0.95511,0.64467,0.76798,0.00101797,0.00101797,0.00101797
318,2223.41,0.98818,1.03785,0.8176,0.94066,0.97624,0.8,0.85676,0.5649,0.97624,0.8,0.85766,0.39446,0.85395,1.07555,0.66993,0.78802,0.00101395,0.00101395,0.00101395
319,2230.15,0.98036,1.03816,0.87263,0.8904,1,0.76618,0.87167,0.57627,1,0.76618,0.87167,0.44672,0.81052,0.90548,0.67858,0.78919,0.00100994,0.00100994,0.00100994
320,2237.46,0.88564,0.84769,0.75535,0.84458,0.92131,0.8,0.86461,0.58878,0.92131,0.8,0.86381,0.44979,0.73197,0.86418,0.69463,0.7762,0.00100594,0.00100594,0.00100594
321,2244.37,0.92036,0.88738,0.74269,0.85406,1,0.76513,0.8853,0.57356,0.85348,0.8,0.85197,0.44268,0.73524,0.85856,0.64497,0.74983,0.00100195,0.00100195,0.00100195
322,2251.21,1.00452,1.07424,1.1062,0.96887,0.82407,0.8,0.86831,0.57186,0.98249,0.6,0.82832,0.42736,0.71096,0.82459,0.68561,0.75568,0.000997981,0.000997981,0.000997981
323,2258.04,1.07306,1.2143,1.02668,1.01217,0.88442,0.76785,0.87635,0.54078,0.88442,0.76785,0.87635,0.43473,0.74267,0.8213,0.7088,0.75921,0.000994019,0.000994019,0.000994019
324,2264.66,0.98302,1.06523,0.9108,1.01489,0.80875,0.84813,0.88654,0.54694,0.80875,0.84813,0.88158,0.39571,0.79403,0.90219,0.67987,0.77226,0.000990069,0.000990069,0.000990069
325,2271.79,1.0654,1.28286,0.99694,1.01812,0.88842,0.9,0.88971,0.60058,0.88842,0.9,0.8887,0.38886,0.75337,0.96705,0.61861,0.77344,0.000986132,0.000986132,0.000986132
326,2278.97,0.82785,0.87322,0.75664,0.77065,0.93829,0.8,0.90226,0.62575,0.93829,0.8,0.90571,0.43411,0.75969,0.87843,0.60521,0.78482,0.000982207,0.000982207,0.000982207
327,2285.94,0.94091,1.05777,0.94674,0.92351,0.96589,0.8,0.92227,0.66176,0.96589,0.8,0.92444,0.47609,0.67327,0.76201,0.5833,0.75152,0.000978294,0.000978294,0.000978294
328,2293.46,1.0098,1.05162,0.8888,0.9637,0.87004,0.8,0.86793,0.66451,0.87004,0.8,0.8709,0.45137,0.60369,0.75376,0.56711,0.71951,0.000974394,0.000974394,0.000974394
329,2300.16,0.87987,0.90524,0.80786,0.86903,0.88868,0.79847,0.85681,0.61311,0.88868,0.79847,0.85681,0.44109,0.61984,0.76318,0.55437,0.73776,0.000970507,0.000970507,0.000970507
330,2307.19,1.07302,1.19654,0.87483,1.01732,0.81336,0.87348,0.85618,0.60462,0.81336,0.87348,0.85618,0.46744,0.65527,0.78491,0.59277,0.73716,0.000966633,0.000966633,0.000966633
331,2314.22,1.07245,1.05259,0.96024,0.99442,0.88808,0.79416,0.83261,0.58065,0.88808,0.79416,0.83764,0.42883,0.78978,0.8521,0.70397,0.78967,0.000962772,0.000962772,0.000962772
332,2321.11,0.92475,1.02874,1.05547,0.86093,0.89594,0.86345,0.89889,0.6379,0.89594,0.86345,0.90583,0.44186,0.72418,0.79546,0.6051,0.73704,0.000958925,0.000958925,0.000958925
333,2328.19,0.90255,1.01969,0.81019,0.91149,0.94012,0.8,0.8909,0.60229,0.94012,0.8,0.8922,0.48911,0.65894,0.74289,0.63049,0.71425,0.000955091,0.000955091,0.000955091
334,2334.93,0.91447,1.009,0.94596,0.93358,0.9285,0.8,0.89436,0.60819,0.9285,0.8,0.89131,0.4612,0.68605,0.79906,0.62949,0.72308,0.00095127,0.00095127,0.00095127
335,2341.68,0.85967,0.90484,0.74347,0.84528,0.81728,0.9,0.89273,0.60572,0.81728,0.9,0.91116,0.41938,0.7942,0.87562,0.55783,0.74228,0.000947464,0.000947464,0.000947464
